277,when millions of texans were without power due to a winter storm ted cruz fled to canc√∫n texans deserve a senator who sticks around to fight for us register to vote now,no words,no topic,winter storm/power,safety
241,let s be clear your vote decides the future of texas find your early vote location now make no mistake about it your early vote is critical find your early vote location here,no words,no topic,vote location,
154,caitlyn supports trans rights sports should be fair boys can t compete against girls caitlyn will do what is right let s unseat gavin newsom donate now,no words,no topic,trans rights/sports/donate,social and cultural/donation
128,caitlyn supports trans rights sports should be fair boys can t compete against girls caitlyn will now lie to appease hollywood step up at this critical moment donate now,no words,no topic,trans rights/sports,social and cultural
136,the republican party is freedom s last firewall donate to our cause to stop socialism the republican party is freedom s last firewall donate to our cause to stop socialism,no words,no topic,stop socialism/donate,governance/donation
240,contact congressman colin allred for assistance your local congressman may be able to help recover your stimulus check,no words,no topic,stimulus check,economy
111,sports are about fairness it is unfair for men to compete against females donate now caitlyn will bravely stand up for what is fair stand with her now donate today,no words,no topic,sports/unfair/donate,social and cultural/donation
109,sports are about fairness it is unfair for men to compete against females donate now caitlyn will go against the grain to do what is right save california contribute now,no words,no topic,sports/unfair/contribute,social and cultural
251,we don t have much time the tx 06 special election is on may 1st you can make the difference and keep socialist democrats policies out of texas,no words,no topic,socialist democrats policies,governance
261,lydia has the experience to bring more opportunities to small businesses in texas in congress she will fight for what s right and work across the aisle to get things done,no words,no topic,small businesses,economic
63,steve toth was rated 1 most conservative member in the texas house led the fight to teach founding principles in schools find your voting site u0026 vote early,no words,no topic,schools,education
242,join our team and let s build a safer tarrant county jody johnson is the proven conservative leader that tarrant county needs,no words,no topic,safer tarrant county,safety
176,with 36 years of law enforcement experience jody johnson knows how to keep us safe join our team and let s build a safer tarrant county,no words,no topic,safe/safer,safety
43,working to help north texans recover from the winter storm contact congressman colin allred for assistance,no words,no topic,recover from the winter storm,economic
167,find your polling location here and vote saturday may 1st stop nancy pelosi and socialists in washington,no words,no topic,polling place/socialists,
13,time is running out before election day in texas don t wait find your polling place now still unsure of where to cast your election day vote find your polling place here today,no words,no topic,polling place,
21,with your vote you ll put texas first don t wait find your early vote location now the best way to ensure your vote is secure vote early find your polling place here,no words,no topic,polling place,
54,on may 1st you will vote for the future of texas don t waste it find your polling place texas voters time to get ready to vote on election day find your polling place now,no words,no topic,polling place,
76,texas voters time to get ready to vote on election day find your polling place now your fellow texans are counting on you to vote on july 27th find your polling place now,no words,no topic,polling place,
87,make your plan to secure your vote on election day by finding your polling place here your vote is your voice ensure it s heard on election day find your polling place today,no words,no topic,polling place,
148,deliver a win for the great state of texas with your early vote find your polling place make your plan to secure your texas early vote by finding your polling place today,no words,no topic,polling place,
170,ready to vote to put texas 1st ensure you are find your election day polling place here election day is may 1st no time to waste get ready to vote find your polling place now,no words,no topic,polling place,
196,make an election day plan to vote on may 1st find your polling place in texas today secure your vote on may 1st to defend the future of texas find your polling place here,no words,no topic,polling place,
115,president biden has smart solutions that will ensure order and justice republicans are playing games obstructing progress tell them work with president biden,no words,no topic,order and justice,governance
141,tell us who was tougher on china biden or trump don t wait the poll expires in 30 minutes respond right now,no words,no topic,on china,foreign policy
50,chip in today to help lizzie fight back against anti choice legislation in texas,no words,no topic,legislation,governance
,text,words,m_label,key_words,tags
225,louie gohmert will restore honesty and integrity to the office of attorney general ken paxton is under indictment for securities fraud,no words,no topic,honesty/integrity,governance
284,we must stop joe biden and his corrupt democratic colleagues give now all patriots need to step up and donate immediately,no words,no topic,give now/donate,donation
300,donate to the gop today to help us out raise the corrupt democrats we must stop joe biden and his corrupt democratic colleagues give now,no words,no topic,give now,donation
177,when the power went out abbott failed and texans died tell texas leaders to step up and fix the texas power grid now,no words,no topic,fix the power grid,governance
74,leadership no excuses we will finish the wall and secure our elections republican for texas governor,no words,no topic,finish the wall,immigration/foreign policy
104,everyone deserves to compete in sports it is unfair for boys to compete against girls caitlyn will stand up for fairness stand with her as she works to save ca chip in 10,no words,no topic,fairness/sports,social and cultural
124,it would not have been fair for caitlyn to compete against women in the olympics men compete against women is about fairness sports are about fairness not equality,no words,no topic,fairness/sports,social and cultural
7,this campaign is about what we can achieve when we all come together help define the future of our great state join us by making a donation today,no words,no topic,donation,
195,leadership in texas has failed and texans deserve better together we can get texas back on the right track join us by making a donation today,no words,no topic,donation,donation
121,sports are about fairness it is unfair for men to compete against females donate now caitlyn will do what is right let s unseat gavin newsom donate now,no words,no topic,donate/sports/fairness,social and cultural/donation
82,donate today to support our conservative values for america stand with jason against liberal extremism and for american freedom,no words,no topic,donate/liberal extremism/freedom,donation/governance
204,donate now to help congressman chip roy keep america safe fighting to stop the chinese communist party from buying property in america,no words,no topic,donate/keep ameria safe/chinese communist party,safety/donation
2,caitlyn is the change california needs donate now don t wait no time to waste donate to caitlyn jenner for governor,no words,no topic,donate,
3,get rid of gavin once and for all caitlyn has a plan to save california donate today it s official newsom will be recalled caitlyn will put people over politics chip in,no words,no topic,donate,
12,ca has had enough of newsom caitlyn can take back our state donate now help take back california newsom is a disaster donate to make ca red,no words,no topic,donate,
18,chip in now to disrupt california caitlyn can do it we can fix california caitlyn has fresh ideas to revitalize our state donate now,no words,no topic,donate,
29,we must stop joe biden and his corrupt democratic colleagues give now donate to the gop today to help us out raise the corrupt democrats,no words,no topic,donate,
58,california is worth fighting for caitlyn will put people before politics caitlyn jenner is in donate to support her campaign for governor,no words,no topic,donate,donation
71,official donate to the official caitlyn for governor site now california needs caitlyn california is worth fighting for caitlyn jenner will put the people first,no words,no topic,donate,donation
75,demand leadership let us show that texans are a force to reckon with stand with texas support republican candidate for texas governor don huffines donate to show support,no words,no topic,donate,donation
78,donate to my battle ready campaign to keep texas red donate to my campaign and help republicans win in 2022,no words,no topic,donate,donation
80,mike collier is considering running for lieutenant governor against dan patrick again donate to help support his campaign,no words,no topic,donate,donation
81,donate to the official caitlyn for california site today help take back california caitlyn puts the people of california first california deserves caitlyn for governor,no words,no topic,donate,donation
88,mike collier is running as a democrat for texas lieutenant governor will you donate to support our campaign and defeat lieutenant governor dan patrick,no words,no topic,donate,donation
93,californians deserve leadership who is accountable to them caitlyn will be chip in now caitlyn will fight for you she is an outsider and a proven winner donate now,no words,no topic,donate,donation
106,california deserves better california deserves caitlyn support her official campaign now help caitlyn take back california from the radical democratic rule donate today,no words,no topic,donate,donation
107,democrats have ruled for too long support caitlyn and donate to take back california our voices have been heard caitlyn will shake up sacramento donate now,no words,no topic,donate,donation
112,urgent caitlyn needs your help to win ca every dollar helps join the team we need caitlyn donate now to save california,no words,no topic,donate,donation
113,california has been ruled by one party for too long donate to end the democrat reign caitlyn will put people before politics and special interests donate now,no words,no topic,donate,donation
117,donate to the official caitlyn for governor site now california needs your support california is worth fighting for caitlyn jenner will put the people first,no words,no topic,donate,donation
122,gavin newsom is a disaster caitlyn is the only outsider who can defeat him chip in now caitlyn will take on the sacramento politicians she will fight for us donate now,no words,no topic,donate,donation
131,newsom recall is official caitlyn can fix california donate now did you see the news gavin newsom will be recalled caitlyn can fix ca chip in 5,no words,no topic,donate,donation
134,caitlyn is an outsider sacramento special interests have no power over her donate now drain the ca swamp newsom is controlled by special interests caitlyn is not donate now,no words,no topic,donate,donation
147,republicans need you right now donate today,no words,no topic,donate,donation
150,california needs an honest leader with a clear vision support caitlyn jenner today caitlyn needs your support donate today to help save california from democratic reign,no words,no topic,donate,donation
156,are you tired of gavin newsom let s disrupt the status quo in ca donate now it s now or never caitlyn knows we must fix california donate to her campaign today,no words,no topic,donate,donation
185,newsom puts politics over progress caitlyn won t donate now we need caitlyn donate now to save california,no words,no topic,donate,donation
213,mike collier is running for texas lieutenant governor against dan patrick donate to help support his campaign flip texas blue and bring new leadership to texas,no words,no topic,donate,donation
250,mike collier is thinking about running for tx lieutenant governor will you donate to support our campaign and defeat lieutenant governor dan patrick,no words,no topic,donate,donation
253,the republican party needs your support to help stop the democrats the democrats are out raising us donate now to help us reach our goal,no words,no topic,donate,donation
259,caitlyn will move ca in the right direction donate now to support her official campaign take back california support caitlyn donate now,no words,no topic,donate,donation
269,texas first i say if we lose texas we are going to lose the free world stand with texas show your support and donate today,no words,no topic,donate,donation
273,monica de la cruz is a proud latina woman running for congress help us make history by flipping this seat red donate today,no words,no topic,donate,donation
10,glenn hegar will fight to reform spending reduce debt and limit government learn more,no words,no topic,debt,economic
221,contribute to keep texas 32nd district blue in 2022 and hold the house majority colin is one of the most at risk democrats in congress chip in to defend his seat,no words,no topic,contribute/chip in,donation
267,powered by people grassroots volunteers are doing the critical work that wins elections please consider chipping in a few dollars to help us grow our people powered movement,no words,no topic,chipping in a few dollars,donation
127,can you chip in a few dollars to support our organizing work powered by people grassroots volunteers are doing the critical work that wins elections,no words,no topic,chip in few dollors,donation
175,can you chip in a few dollars to support our organizing work powered by people is a grassroots volunteer organization working to flip texas blue,no words,no topic,chip in few dollors,donation
188,can you chip in a few dollars to support our organizing work,no words,no topic,chip in a few dollars,donation
263,we need to have lizzie s back so she can continue to stand up to restrictive gop policies chip in today to stand with lizzie pannill fletcher,no words,no topic,chip in,
285,texans can t trust ted cruz in the senate and we re working to get him out when texans were in need he fled u0026 lied about it chip in get him out of the u s senate,no words,no topic,chip in,
183,fauci put chinese communist party interests ahead of our freedoms donate now to help congressman chip roy hold fauci accountable,no words,no topic,chinese communist party/freedom/donate,
200,fighting to stop the chinese communist party from buying property in america donate now to help congressman chip roy keep america safe,no words,no topic,chinese communist party/donate/safe,donation/foreign policy
226,tell him to stand up for american innovation or we ll lose our competitive edge to china send an email now,no words,no topic,china,
126,are you sick of censorship tell us if you re done with big tech controlling our free speech,no words,no topic,censorship/free speech/big tech,governance
51,joe biden thinks he s above the law and has illegally stopped building the wall george p bush is going to hold him accountable in court,no words,no topic,building the wall,immigration
14,join matt krause in signing the petition to defend the heartbeat bill from attacks,no words,no topic,bill?,
1,glenn hegar is a sixth generation texan running for comptroller learn more here,no words,no topic,,
4,will we join the left to take america backwards or will this gop lead america forward if we choose the right answer our country s future is unlimited join rep kinzinger now,no words,no topic,,
8,shawn lassiter is a former stem educator and a working mom vote democrat shawn lassiter for congress in the special election on may 1st,no words,no topic,,
11,check out the work rep fletcher has done on behalf of your district tx 07,no words,no topic,,
17,the january 6 insurrection kicked off a concerted wave of anti voting laws nationwide there s no greater priority than defending democracy you can help,no words,no topic,,
20,as your senator i describe my job in three words listen learn lead true representative government begins with listening listening to your experiences obser,no words,no topic,,
23,don t let chuck schumer and joe biden implement their radical agenda join the fight as john cornyn works to take back the senate chip in 20 now,no words,no topic,,
25,find out how to get your name added to president trump s state allies top supporter list before trump takes the stage make sure his state allies know where you stand,no words,no topic,,
26,after spending nearly 6 million dollars arizona is asking why they wasted their money after nearly six months and almost 6 million the audit results show voting process works,no words,no topic,,
30,proudly serving the 25th district of texas sign up to learn about how i m working for you in dc and around the district,no words,no topic,,
32,winred our technology changes how conservative and center right groups fundraise online your contribution will benefit susan wright for congress make a lasting impact today,no words,no topic,,
34,join the team today and add your name to the list of supporters fighting to save america calling on republicans senator cruz needs your help add your name and act now,no words,no topic,,
35,stand with captain sam brown let s restore accountability and leadership to washington captain sam brown fought for our country now he is ready to serve the people of nevada,no words,no topic,,
36,i m tired of being lied to we all are texas deserves real leadership no excuses i can t do it alone i need your all out support show your support,no words,no topic,,
37,republican beth van duyne is running for tx 24 and is endorsed by president donald trump beth van duyne is running for re election in congress tx 24 and is trump endorsed,no words,no topic,,
38,tony gonzales is a veteran fighting for texas in congress learn more about tony gonzales,no words,no topic,,
40,our office is proud to participate in the veterans history project if you are a veteran and want to share your story click here,no words,no topic,,
41,it s time to fight back against a system that profits when the rest of us suffer help captain sam brown restore power to the american people by supporting him for senate,no words,no topic,,
45,ernest will make sure our voices are heard join us,no words,no topic,,
46,plan your trip to the nation s capital make your trip memorable,no words,no topic,,
47,join me for a telephone town hall with our tx 07 neighbors september 26 2021,no words,no topic,,
49,texas republicans and democrats agree that we must safeguard our elections texans want to take the necessarily steps to keep texas elections secure,no words,no topic,,
52,the gop was built on a foundation of principles and stood for equal opportunity but recently the gop forgot those principles join country first to take back our party,no words,no topic,,
53,official merchandise for caitlyn for california governor new styles available now support caitlyn jenner with official merchandise,no words,no topic,,
56,join our campaign today conservative candidate for texas state senate district 11,no words,no topic,,
57,commander jake ellzey for congress conservative fighter pilot not a politician endorsed by gov rick perry u0026 dan crenshaw,no words,no topic,,
60,gop house of representative primary candidate for texas 32nd congressional district the conservative candidate who represents your interests discover more here,no words,no topic,,
61,the gop has lost its way if we are to lead again we need to take back our party i hope all republicans u0026 every american who shares our values will join me,no words,no topic,,
65,contact us online to get started order an american flag to be flown over the us capitol,no words,no topic,,
66,you can chip in just 5 to help fight back against beto and his massive war chest he is too liberal for tx so please chip in 10 to make sure he doesn t become governor,no words,no topic,,
68,texas,no words,no topic,,
69,make your voting plan today early voting starts feb 14 and election day is march 1,no words,no topic,,
70,contribute to keep texas 32nd district blue in 2022 and hold the house majority republicans want to suppress texas voters we can t let them chip in today,no words,no topic,,
79,as lt governor mike collier will deliver honest solutions not create more problems mike collier is officially running for texas lieutenant governor against dan patrick,no words,no topic,,
86,real leadership for you ernest will get it done,no words,no topic,,
89,commander jake ellzey for congress conservative and a fighter pilot not a politician early voting april 19 27 special election may 1 2021,no words,no topic,,
91,the stakes are too high to sit this election out stop the dangerous socialist agenda vote saturday may 1st,no words,no topic,,
95,dan rodimer is a former wwe wrestler with a law degree running for congress we can win by building a massive movement to take back congress for republicans,no words,no topic,,
96,as lt governor mike collier will deliver honest solutions not create more problems chip in today to help mike collier take on lieutenant governor dan patrick,no words,no topic,,
103,democrats have been in charge of ca for too long donate now to shake up california caitlyn knows special interests rule sacramento help us defend everyday californians,no words,no topic,,
105,vote for a brighter future election day march 1,no words,no topic,,
108,let s make voting simpler more convenient and more accessible,no words,no topic,,
114,senator john cornyn created the emergency senate majority fund chip in 20 now to help him restore the gop majority now,no words,no topic,,
119,true representative government begins with listening listening to your experiences obser as your senator i describe my job in three words listen learn lead,no words,no topic,,
129,dan rodimer will fight back agains biden and pelosi and stand up for our second amendment dan rodimer is a christian conservative that will take back congress in a big way,no words,no topic,,
130,senator cornyn is helping his senate gop colleagues take back the senate in 2022 it s never too early to join the fight chip in 20 now help save the senate,no words,no topic,,
142,stand with caitlyn and get your caitlyn for ca bumper sticker buy now shop the first collection of exclusive caitlyn jenner for governor merch show your pride,no words,no topic,,
144,the only place to shop for official caitlyn merchandise browse t shirts hats and more support caitlyn jenner with official caitlyn merchandise,no words,no topic,,
149,leadership in texas has failed and texans deserve better i m running for governor to get us back on track chip in to join our campaign today,no words,no topic,,
153,stand with caitlyn and get your caitlyn for ca yard sign buy now shop the first collection of exclusive caitlyn jenner for governor merch show your pride,no words,no topic,,
155,let s make voting simpler more convenient and more accessible vote kurt for clerk in the march 1 democratic primary,no words,no topic,,
159,sports are about fairness it is unfair for men to compete against females donate now caitlyn will always be honest with the american people chip in 5,no words,no topic,,
160,calling on republicans senator cruz needs your help add your name and act now join the team today and add your name to the list of supporters fighting to save america,no words,no topic,,
162,republican for harris county judge conservative mother and wife west point graduate combat veteran and harvard jd mba,no words,no topic,,
163,calling all patriots sacramento needs an honest leader with a clear vision donate now here is your chance every dollar counts to get rid of newsom chip in 10,no words,no topic,,
164,time to cast your critical early vote in texas by finding your polling place here ready to vote to put texas first secure your vote now find your early vote location now,no words,no topic,,
165,lizzie fletcher doesn t keep her word tell lizzie fletcher she was wrong to help elect pelosi,no words,no topic,,
166,mike collier is running for lieutenant governor to defeat dan patrick and fight for texas,no words,no topic,,
168,congresewoman sylvia garcia officially endorses jay kleberg for land commissioner jay kleberg can lead the way in creating a more resilient texas learn more,no words,no topic,,
171,stand with caitlyn and get your caitlyn for ca wine glasses buy now shop the first collection of exclusive caitlyn jenner for governor merch show your pride,no words,no topic,,
173,washington changed colin allred tell colin allred he was wrong to back pelosi for speaker,no words,no topic,,
174,jody johnson is the proven conservative leader that tarrant county needs join our team today,no words,no topic,,
179,colin allred doesn t keep his word tell colin allred he was wrong to help elect pelosi,no words,no topic,,
180,congressman marc veasey officially endorses jay kleberg for land commissioner jay kleberg can lead the way in creating a more resilient texas learn more,no words,no topic,,
184,back the blue in texas do you support law enforcement tell us right now tell us right now,no words,no topic,,
186,jessica is building an america for all of us no matter who we are or where we come from rep henry cuellar is trump s favorite democrat that s why we re running to replace him,no words,no topic,,
189,lizzie fletcher helped pelosi become speaker find out how,no words,no topic,,
190,lizzie pannill fletcher s race will be one of the most competitive in the country help defeat outside groups and their attacks protect houston s voice in congress,no words,no topic,,
191,hard work matters send a real conservative fighter to austin join today,no words,no topic,,
192,senator john cornyn created the emergency senate majority fund chip in 20 now to help john cornyn restore the gop majority now,no words,no topic,,
193,glenn hegar fighting for our god given rights and conservative principles learn more,no words,no topic,,
197,proudly serving the 25th district of texas sign up to learn more about representative roger williams s office is working for you,no words,no topic,,
198,colin allred helped pelosi become speaker find out how,no words,no topic,,
201,texas s 6th congressional district,no words,no topic,,
202,don t be left behind support a true conservative,no words,no topic,,
203,early voting august 23 27 election day august 31 conservative republican john wray for state representative,no words,no topic,,
205,recruited by the trump administration brian will continue the trump movement in congress in congress brian will always put america first and fight for our conservative values,no words,no topic,,
206,the austin chronicle officially backs jay kleberg for texas land commissioner jay kleber will take a proactive role in conserving a resilient landscape learn more,no words,no topic,,
207,lifelong republican gop precinct chair district director to state reps vote for trump endorsed susan wright for congress,no words,no topic,,
209,i want to hear from you follow our socials share your thoughts join relevant discussions join the movement,no words,no topic,,
212,susan wright is ready to serve the 6th congressional district of texas susan understands the shared conservative beliefs of the 6th district,no words,no topic,,
214,texas needs to keep a conservative fighter in the house who puts america first,no words,no topic,,
215,honored and proud to represent tx 07 in houston follow on social media for updates,no words,no topic,,
216,combat veteran and conservative outsider running for congress in texas 28th district click here to join the fight to take back our country,no words,no topic,,
218,senator john cornyn is helping his senate gop colleagues take back the senate in 2022 it s never too early to join the fight chip in 20 now help john cornyn save the senate,no words,no topic,,
219,don t miss out get 9x matched in honor of trump s 1st texas rally in 2022,no words,no topic,,
228,principled conservative leadership for texas join the fight to help keep texas red,no words,no topic,,
230,send an email now,no words,no topic,,
233,we can win by building a massive movement to take back congress for republicans,no words,no topic,,
234,a puppet king is totally unacceptable in texas we demand leadership no excuses texas deserves the loyalty of officials leadership no excuses add your name today,no words,no topic,,
237,i m an advocate for conservative values proudly representing the people of tx 13 sign up for my e newsletter ronny s roundup today,no words,no topic,,
238,help jessica defeat one of the most right wing democrats in congress henry cuellar,no words,no topic,,
239,get to know your congressman learn more about the work i m doing on your behalf,no words,no topic,,
243,need help with a federal agency contact my office today let me know how we can help you,no words,no topic,,
244,stay informed on rep colin allred s work in congress serving the 32nd district of texas where he was born and raised,no words,no topic,,
245,commander jake ellzey for congress conservative and a fighter pilot not a politician special election may 1 2021,no words,no topic,,
247,democrats in texas swore to serve the people but instead they fled to d c tell them to stop the theatrics and start working for our state,no words,no topic,,
249,endorsed by president trump the right choice for texas join us to help fight to make america great again,no words,no topic,,
254,election day march 1 vote for a brighter future,no words,no topic,,
255,calling on republicans senator cornyn needs your help add your name and act now join the team today and add your name to the list of supporters fighting to save america,no words,no topic,,
256,send shawn lassiter to congress to ensure children have the opportunity to thrive make a plan and vote for shawn lassiter on may 1st,no words,no topic,,
257,stand with caitlyn and get your caitlyn for ca tee buy now shop the first collection of exclusive caitlyn jenner for governor merch show your pride,no words,no topic,,
262,do you oppose the dangerous agenda of the radical left add your name to the petition to help stop them time is running out,no words,no topic,,
265,we re running out of time we have the solutions u0026 i have the courage to save our state let s stand with texas our greatest days are coming join the movement add your name,no words,no topic,,
266,texas s 29th congressional district,no words,no topic,,
270,election day november 3 vote for a brighter future,no words,no topic,,
274,voting in the democratic primary is happening now cast your vote for mike today,no words,no topic,,
275,president trump and ted cruz need your help to save the senate join the team fight back against the radical left s destructive policies join now,no words,no topic,,
278,stand with caitlyn and get your caitlyn for ca hat buy now shop the first collection of exclusive caitlyn jenner for governor merch show your pride,no words,no topic,,
280,jaimy blanco for congress 29th u s house of representatives election day march 1,no words,no topic,,
282,help us elect candidates who will stand up against far right leaders,no words,no topic,,
283,mike collier is considering running for lieutenant governor against dan patrick again sign up to join his campaign,no words,no topic,,
288,with a lifetime of service ernest will fight tirelessly for you,no words,no topic,,
289,the houston chronicle officially endorses jay kleberg for land commissioner jay kleber will take a proactive role in conserving a resilient landscape learn more,no words,no topic,,
291,join the team today and add your name to the list of supporters fighting to save america calling on republicans senator cornyn needs your help add your name and act now,no words,no topic,,
292,when texans were in need he fled u0026 lied about it we deserve better at the texas democratic party we re fighting to hold him accountable join us today,no words,no topic,,
294,beth van duyne is running for re election in congress tx 24 and is trump endorsed republican beth van duyne is running for tx 24 and is endorsed by president donald trump,no words,no topic,,
297,washington changed lizzie fletcher tell lizzie fletcher she was wrong to back pelosi for speaker,no words,no topic,,
298,glenn hegar a true conservative defending faith family and freedom learn more,no words,no topic,,
299,governor abbott should keep his hands off our freedoms,no words,no topic,,